1,Sarah Connor,sarah.connor@example.com,555-1111,Manager,75000.00,11,Springfield Central,"123 Central Street, Springfield"
2,James Bond,james.bond@example.com,555-2222,Courier,45000.00,11,Springfield Central,"123 Central Street, Springfield"
3,Emma Stone,emma.stone@example.com,555-3333,Customer Support,35000.00,11,Springfield Central,"123 Central Street, Springfield"
4,Chris Hemsworth,chris.hemsworth@example.com,555-4444,Driver,40000.00,11,Springfield Central,"123 Central Street, Springfield"
5,Tom Hanks,tom.hanks@example.com,555-5555,Warehouse Staff,30000.00,11,Springfield Central,"123 Central Street, Springfield"
6,Robert Downey,robert.downey@example.com,555-6666,Courier,45000.00,11,Springfield Central,"123 Central Street, Springfield"
7,Scarlett Johansson,scarlett.johansson@example.com,555-7777,Customer Support,35000.00,11,Springfield Central,"123 Central Street, Springfield"
8,Mark Ruffalo,mark.ruffalo@example.com,555-8888,Operations,55000.00,11,Springfield Central,"123 Central Street, Springfield"
9,Chris Evans,chris.evans@example.com,555-9999,Driver,40000.00,11,Springfield Central,"123 Central Street, Springfield"
10,John Freeman,morgan.freeman@example.com,555-1010,Manager,75000.00,11,Springfield Central,"123 Central Street, Springfield"
1,Sarah Connor,sarah.connor@example.com,555-1111,Manager,75000.00,12,Downtown Springfield,"456 Main Street, Springfield"
2,James Bond,james.bond@example.com,555-2222,Courier,45000.00,12,Downtown Springfield,"456 Main Street, Springfield"
3,Emma Stone,emma.stone@example.com,555-3333,Customer Support,35000.00,12,Downtown Springfield,"456 Main Street, Springfield"
4,Chris Hemsworth,chris.hemsworth@example.com,555-4444,Driver,40000.00,12,Downtown Springfield,"456 Main Street, Springfield"
5,Tom Hanks,tom.hanks@example.com,555-5555,Warehouse Staff,30000.00,12,Downtown Springfield,"456 Main Street, Springfield"
6,Robert Downey,robert.downey@example.com,555-6666,Courier,45000.00,12,Downtown Springfield,"456 Main Street, Springfield"
7,Scarlett Johansson,scarlett.johansson@example.com,555-7777,Customer Support,35000.00,12,Downtown Springfield,"456 Main Street, Springfield"
8,Mark Ruffalo,mark.ruffalo@example.com,555-8888,Operations,55000.00,12,Downtown Springfield,"456 Main Street, Springfield"
9,Chris Evans,chris.evans@example.com,555-9999,Driver,40000.00,12,Downtown Springfield,"456 Main Street, Springfield"
10,John Freeman,morgan.freeman@example.com,555-1010,Manager,75000.00,12,Downtown Springfield,"456 Main Street, Springfield"
1,Sarah Connor,sarah.connor@example.com,555-1111,Manager,75000.00,13,North Springfield,"789 North Avenue, Springfield"
2,James Bond,james.bond@example.com,555-2222,Courier,45000.00,13,North Springfield,"789 North Avenue, Springfield"
3,Emma Stone,emma.stone@example.com,555-3333,Customer Support,35000.00,13,North Springfield,"789 North Avenue, Springfield"
4,Chris Hemsworth,chris.hemsworth@example.com,555-4444,Driver,40000.00,13,North Springfield,"789 North Avenue, Springfield"
5,Tom Hanks,tom.hanks@example.com,555-5555,Warehouse Staff,30000.00,13,North Springfield,"789 North Avenue, Springfield"
6,Robert Downey,robert.downey@example.com,555-6666,Courier,45000.00,13,North Springfield,"789 North Avenue, Springfield"
7,Scarlett Johansson,scarlett.johansson@example.com,555-7777,Customer Support,35000.00,13,North Springfield,"789 North Avenue, Springfield"
8,Mark Ruffalo,mark.ruffalo@example.com,555-8888,Operations,55000.00,13,North Springfield,"789 North Avenue, Springfield"
9,Chris Evans,chris.evans@example.com,555-9999,Driver,40000.00,13,North Springfield,"789 North Avenue, Springfield"
10,John Freeman,morgan.freeman@example.com,555-1010,Manager,75000.00,13,North Springfield,"789 North Avenue, Springfield"
1,Sarah Connor,sarah.connor@example.com,555-1111,Manager,75000.00,14,East Springfield,"101 East Road, Springfield"
2,James Bond,james.bond@example.com,555-2222,Courier,45000.00,14,East Springfield,"101 East Road, Springfield"
3,Emma Stone,emma.stone@example.com,555-3333,Customer Support,35000.00,14,East Springfield,"101 East Road, Springfield"
4,Chris Hemsworth,chris.hemsworth@example.com,555-4444,Driver,40000.00,14,East Springfield,"101 East Road, Springfield"
5,Tom Hanks,tom.hanks@example.com,555-5555,Warehouse Staff,30000.00,14,East Springfield,"101 East Road, Springfield"
6,Robert Downey,robert.downey@example.com,555-6666,Courier,45000.00,14,East Springfield,"101 East Road, Springfield"
7,Scarlett Johansson,scarlett.johansson@example.com,555-7777,Customer Support,35000.00,14,East Springfield,"101 East Road, Springfield"
8,Mark Ruffalo,mark.ruffalo@example.com,555-8888,Operations,55000.00,14,East Springfield,"101 East Road, Springfield"
9,Chris Evans,chris.evans@example.com,555-9999,Driver,40000.00,14,East Springfield,"101 East Road, Springfield"
10,John Freeman,morgan.freeman@example.com,555-1010,Manager,75000.00,14,East Springfield,"101 East Road, Springfield"
1,Sarah Connor,sarah.connor@example.com,555-1111,Manager,75000.00,15,South Springfield,"202 South Boulevard, Springfield"
2,James Bond,james.bond@example.com,555-2222,Courier,45000.00,15,South Springfield,"202 South Boulevard, Springfield"
3,Emma Stone,emma.stone@example.com,555-3333,Customer Support,35000.00,15,South Springfield,"202 South Boulevard, Springfield"
4,Chris Hemsworth,chris.hemsworth@example.com,555-4444,Driver,40000.00,15,South Springfield,"202 South Boulevard, Springfield"
5,Tom Hanks,tom.hanks@example.com,555-5555,Warehouse Staff,30000.00,15,South Springfield,"202 South Boulevard, Springfield"
6,Robert Downey,robert.downey@example.com,555-6666,Courier,45000.00,15,South Springfield,"202 South Boulevard, Springfield"
7,Scarlett Johansson,scarlett.johansson@example.com,555-7777,Customer Support,35000.00,15,South Springfield,"202 South Boulevard, Springfield"
8,Mark Ruffalo,mark.ruffalo@example.com,555-8888,Operations,55000.00,15,South Springfield,"202 South Boulevard, Springfield"
9,Chris Evans,chris.evans@example.com,555-9999,Driver,40000.00,15,South Springfield,"202 South Boulevard, Springfield"
10,John Freeman,morgan.freeman@example.com,555-1010,Manager,75000.00,15,South Springfield,"202 South Boulevard, Springfield"
1,Sarah Connor,sarah.connor@example.com,555-1111,Manager,75000.00,16,West Springfield,"303 West Lane, Springfield"
2,James Bond,james.bond@example.com,555-2222,Courier,45000.00,16,West Springfield,"303 West Lane, Springfield"
3,Emma Stone,emma.stone@example.com,555-3333,Customer Support,35000.00,16,West Springfield,"303 West Lane, Springfield"
4,Chris Hemsworth,chris.hemsworth@example.com,555-4444,Driver,40000.00,16,West Springfield,"303 West Lane, Springfield"
5,Tom Hanks,tom.hanks@example.com,555-5555,Warehouse Staff,30000.00,16,West Springfield,"303 West Lane, Springfield"
6,Robert Downey,robert.downey@example.com,555-6666,Courier,45000.00,16,West Springfield,"303 West Lane, Springfield"
7,Scarlett Johansson,scarlett.johansson@example.com,555-7777,Customer Support,35000.00,16,West Springfield,"303 West Lane, Springfield"
8,Mark Ruffalo,mark.ruffalo@example.com,555-8888,Operations,55000.00,16,West Springfield,"303 West Lane, Springfield"
9,Chris Evans,chris.evans@example.com,555-9999,Driver,40000.00,16,West Springfield,"303 West Lane, Springfield"
10,John Freeman,morgan.freeman@example.com,555-1010,Manager,75000.00,16,West Springfield,"303 West Lane, Springfield"
1,Sarah Connor,sarah.connor@example.com,555-1111,Manager,75000.00,17,River Side,"404 River Road, Springfield"
2,James Bond,james.bond@example.com,555-2222,Courier,45000.00,17,River Side,"404 River Road, Springfield"
3,Emma Stone,emma.stone@example.com,555-3333,Customer Support,35000.00,17,River Side,"404 River Road, Springfield"
4,Chris Hemsworth,chris.hemsworth@example.com,555-4444,Driver,40000.00,17,River Side,"404 River Road, Springfield"
5,Tom Hanks,tom.hanks@example.com,555-5555,Warehouse Staff,30000.00,17,River Side,"404 River Road, Springfield"
6,Robert Downey,robert.downey@example.com,555-6666,Courier,45000.00,17,River Side,"404 River Road, Springfield"
7,Scarlett Johansson,scarlett.johansson@example.com,555-7777,Customer Support,35000.00,17,River Side,"404 River Road, Springfield"
8,Mark Ruffalo,mark.ruffalo@example.com,555-8888,Operations,55000.00,17,River Side,"404 River Road, Springfield"
9,Chris Evans,chris.evans@example.com,555-9999,Driver,40000.00,17,River Side,"404 River Road, Springfield"
10,John Freeman,morgan.freeman@example.com,555-1010,Manager,75000.00,17,River Side,"404 River Road, Springfield"
1,Sarah Connor,sarah.connor@example.com,555-1111,Manager,75000.00,18,Mountain View,"505 Mountain Drive, Springfield"
2,James Bond,james.bond@example.com,555-2222,Courier,45000.00,18,Mountain View,"505 Mountain Drive, Springfield"
3,Emma Stone,emma.stone@example.com,555-3333,Customer Support,35000.00,18,Mountain View,"505 Mountain Drive, Springfield"
4,Chris Hemsworth,chris.hemsworth@example.com,555-4444,Driver,40000.00,18,Mountain View,"505 Mountain Drive, Springfield"
5,Tom Hanks,tom.hanks@example.com,555-5555,Warehouse Staff,30000.00,18,Mountain View,"505 Mountain Drive, Springfield"
6,Robert Downey,robert.downey@example.com,555-6666,Courier,45000.00,18,Mountain View,"505 Mountain Drive, Springfield"
7,Scarlett Johansson,scarlett.johansson@example.com,555-7777,Customer Support,35000.00,18,Mountain View,"505 Mountain Drive, Springfield"
8,Mark Ruffalo,mark.ruffalo@example.com,555-8888,Operations,55000.00,18,Mountain View,"505 Mountain Drive, Springfield"
9,Chris Evans,chris.evans@example.com,555-9999,Driver,40000.00,18,Mountain View,"505 Mountain Drive, Springfield"
10,John Freeman,morgan.freeman@example.com,555-1010,Manager,75000.00,18,Mountain View,"505 Mountain Drive, Springfield"
1,Sarah Connor,sarah.connor@example.com,555-1111,Manager,75000.00,19,City Square,"606 City Square, Springfield"
2,James Bond,james.bond@example.com,555-2222,Courier,45000.00,19,City Square,"606 City Square, Springfield"
3,Emma Stone,emma.stone@example.com,555-3333,Customer Support,35000.00,19,City Square,"606 City Square, Springfield"
4,Chris Hemsworth,chris.hemsworth@example.com,555-4444,Driver,40000.00,19,City Square,"606 City Square, Springfield"
5,Tom Hanks,tom.hanks@example.com,555-5555,Warehouse Staff,30000.00,19,City Square,"606 City Square, Springfield"
6,Robert Downey,robert.downey@example.com,555-6666,Courier,45000.00,19,City Square,"606 City Square, Springfield"
7,Scarlett Johansson,scarlett.johansson@example.com,555-7777,Customer Support,35000.00,19,City Square,"606 City Square, Springfield"
8,Mark Ruffalo,mark.ruffalo@example.com,555-8888,Operations,55000.00,19,City Square,"606 City Square, Springfield"
9,Chris Evans,chris.evans@example.com,555-9999,Driver,40000.00,19,City Square,"606 City Square, Springfield"
10,John Freeman,morgan.freeman@example.com,555-1010,Manager,75000.00,19,City Square,"606 City Square, Springfield"
1,Sarah Connor,sarah.connor@example.com,555-1111,Manager,75000.00,20,Parkside,"707 Park Street, Springfield"
2,James Bond,james.bond@example.com,555-2222,Courier,45000.00,20,Parkside,"707 Park Street, Springfield"
3,Emma Stone,emma.stone@example.com,555-3333,Customer Support,35000.00,20,Parkside,"707 Park Street, Springfield"
4,Chris Hemsworth,chris.hemsworth@example.com,555-4444,Driver,40000.00,20,Parkside,"707 Park Street, Springfield"
5,Tom Hanks,tom.hanks@example.com,555-5555,Warehouse Staff,30000.00,20,Parkside,"707 Park Street, Springfield"
6,Robert Downey,robert.downey@example.com,555-6666,Courier,45000.00,20,Parkside,"707 Park Street, Springfield"
7,Scarlett Johansson,scarlett.johansson@example.com,555-7777,Customer Support,35000.00,20,Parkside,"707 Park Street, Springfield"
8,Mark Ruffalo,mark.ruffalo@example.com,555-8888,Operations,55000.00,20,Parkside,"707 Park Street, Springfield"
9,Chris Evans,chris.evans@example.com,555-9999,Driver,40000.00,20,Parkside,"707 Park Street, Springfield"
10,John Freeman,morgan.freeman@example.com,555-1010,Manager,75000.00,20,Parkside,"707 Park Street, Springfield"
